metricName,metricDisplayName,metricDescription, yAxisFormatter,mockUrl
tomcat.bytesReceived , bytes,n42-services/resources/metric/getTomcatBytesReceivedDataPoints
tomcat.currentThreadCount, Tomcat CurrentThreadCount, Tomcat CurrentThreadCount,,
tomcat.currentThreadsBusy , bytes,n42-services/resources/metric/getTomcatCurrentThreadBusyDataPoints
tomcat.errorCount, Tomcat ErrorCount, Tomcat ErrorCount,,
tomcat.maxThreads, Tomcat MaxThreads, Tomcat MaxThreads,,
loadbalancer_ifOutOctets, LoadBalancer ifOutOctets, LoadBalancer ifOutOctets,,
tomcat.HeapMemoryUsage, Tomcat HeapMemoryUsage, Tomcat HeapMemoryUsage,,
loadbalancer_ifOutNUcastPkts, LoadBalancer ifOutNUcastPkts, LoadBalancer ifOutNUcastPkts,,
loadbalancer_ifOutQLen, LoadBalancer ifOutQLen, LoadBalancer ifOutQLen,,
loadbalancer_ifOutUcastPkts, LoadBalancer ifOutUcastPkts, LoadBalancer ifOutUcastPkts,,
loadbalancer_ifPhysAddress, LoadBalancer ifPhysAddress, LoadBalancer ifPhysAddress,,
loadbalancer_ifSpecific, LoadBalancer ifSpecific, LoadBalancer ifSpecific,,
loadbalancer_ifSpeed, LoadBalancer ifSpeed, LoadBalancer ifSpeed,,
loadbalancer_ifType, LoadBalancer ifType, LoadBalancer ifType,,
tomcat.bytesSent, Tomcat BytesSent, Tomcat BytesSent,,
tomcat.processingTime, Tomcat ProcessingTime, Tomcat ProcessingTime,,
tomcat.NonHeapMemoryUsage, Tomcat NonHeapMemoryUsage, Tomcat NonHeapMemoryUsage,,
tomcat.maxTime, Tomcat MaxTime, Tomcat MaxTime,,
tomcat.rejectedSessions, Tomcat RejectedSessions, Tomcat RejectedSessions,,
tomcat.requestCount, Tomcat RequestCount, Tomcat RequestCount,,
tomcat.sessionCreateRate, Tomcat SessionCreateRate, Tomcat SessionCreateRate,,
tomcat.Uptime, Tomcat Uptime, Tomcat Uptime,,
tomcat.activeSessions, Tomcat ActiveSessions, Tomcat ActiveSessions,,
loadbalancer_ifInDiscards, LoadBalancer ifInDiscards, LoadBalancer ifInDiscards,,
loadbalancer_ifInErrors, LoadBalancer ifInErrors, LoadBalancer ifInErrors,,
loadbalancer_ifInNUcastPkts, LoadBalancer ifInNUcastPkts, LoadBalancer ifInNUcastPkts,,
loadbalancer_ifInOctets, LoadBalancer ifInOctets, LoadBalancer ifInOctets,,
loadbalancer_ifInUcastPkts, LoadBalancer ifInUcastPkts, LoadBalancer ifInUcastPkts,,
loadbalancer_ifInUnknownProtos, LoadBalancer ifInUnknownProtos, LoadBalancer ifInUnknownProtos,,
loadbalancer_ifIndex, LoadBalancer ifIndex, LoadBalancer ifIndex,,
loadbalancer_ifLastChange, LoadBalancer ifLastChange, LoadBalancer ifLastChange,,
loadbalancer_ifMtu, LoadBalancer ifMtu, LoadBalancer ifMtu,,
loadbalancer_ifOperStatus, LoadBalancer ifOperStatus, LoadBalancer ifOperStatus,,
loadbalancer_ifOutDiscards, LoadBalancer ifOutDiscards, LoadBalancer ifOutDiscards,,
loadbalancer_ifOutErrors, LoadBalancer ifOutErrors, LoadBalancer ifOutErrors,,
net_stat_tcp_delayedack, net stat tcp delayedack, net stat tcp delayedack,,
proc_uptime_now, proc uptime now, proc uptime now,,
proc_net_fifo_errs, proc net fifo errs, proc net fifo errs,,
proc_vmstat_pswpin, proc vmstat pswpin, proc vmstat pswpin,,
proc_meminfo_vmallocused, proc meminfo vmallocused, proc meminfo vmallocused,,
net_sockstat_num_orphans, net sockstat num orphans, net sockstat num orphans,,
net_stat_tcp_retransmit, net stat tcp retransmit, net stat tcp retransmit,,
proc_vmstat_pgfault, proc vmstat pgfault, proc vmstat pgfault,,
proc_meminfo_inactive, proc meminfo inactive, proc meminfo inactive,,
proc_loadavg_1min, proc loadavg 1min, proc loadavg 1min,,
proc_net_packets, proc net packets, proc net packets,,
proc_net_bytes, proc net bytes, proc net bytes,,
proc_net_collisions, proc net collisions, proc net collisions,,
proc_loadavg_runnable, proc loadavg runnable, proc loadavg runnable,,
net_stat_tcp_packetloss_recovery, net stat tcp packetloss recovery, net stat tcp packetloss recovery,,
proc_meminfo_committed_as, proc meminfo committed as, proc meminfo committed as,,
proc_meminfo_pagetables, proc meminfo pagetables, proc meminfo pagetables,,
proc_loadavg_15min, proc loadavg 15min, proc loadavg 15min,,
proc_net_multicast, proc net multicast, proc net multicast,,
proc_meminfo_dirty, proc meminfo dirty, proc meminfo dirty,,
proc_vmstat_pswpout, proc vmstat pswpout, proc vmstat pswpout,,
proc_meminfo_hightotal, proc meminfo hightotal, proc meminfo hightotal,,
proc_meminfo_anonpages, proc meminfo anonpages, proc meminfo anonpages,,
mysql_table_locks_waited, mysql table locks waited, mysql table locks waited,,
mysql_threads_cached, mysql threads cached, mysql threads cached,,
mysql_threads_connected, mysql threads connected, mysql threads connected,,
mysql_threads_created, mysql threads created, mysql threads created,,
mysql_threads_running, mysql threads running, mysql threads running,,
mysql_uptime, mysql uptime, mysql uptime,,
mysql_volume_reads, mysql volume reads, mysql volume reads,,
mysql_volume_writes, mysql volume writes, mysql volume writes,,
net_sockstat_num_sockets, net sockstat num sockets, net sockstat num sockets,,
proc_meminfo_bounce, proc meminfo bounce, proc meminfo bounce,,
proc_meminfo_memfree, proc meminfo memfree, proc meminfo memfree,,
net_sockstat_memory, net sockstat memory, net sockstat memory,,
proc_meminfo_mapped, proc meminfo mapped, proc meminfo mapped,,
proc_stat_cpu, proc stat cpu, proc stat cpu,,
proc_meminfo_slab, proc meminfo slab, proc meminfo slab,,
net_stat_tcp_syncookies, net stat tcp syncookies, net stat tcp syncookies,,
proc_meminfo_memtotal, proc meminfo memtotal, proc meminfo memtotal,,
proc_meminfo_commitlimit, proc meminfo commitlimit, proc meminfo commitlimit,,
net_stat_tcp_memory_pressure, net stat tcp memory pressure, net stat tcp memory pressure,,
proc_meminfo_cached, proc meminfo cached, proc meminfo cached,,
proc_meminfo_buffers, proc meminfo buffers, proc meminfo buffers,,
proc_net_errs, proc net errs, proc net errs,,
proc_vmstat_pgpgin, proc vmstat pgpgin, proc vmstat pgpgin,,
net_stat_udp_errors, net stat udp errors, net stat udp errors,,
proc_net_dropped, proc net dropped, proc net dropped,,
proc_meminfo_lowtotal, proc meminfo lowtotal, proc meminfo lowtotal,,
proc_meminfo_lowfree, proc meminfo lowfree, proc meminfo lowfree,,
net_stat_tcp_abort_failed, net stat tcp abort failed, net stat tcp abort failed,,
loadbalancer_ifAdminStatus, LoadBalancer ifAdminStatus, LoadBalancer ifAdminStatus,,
loadbalancer_ifDescr, LoadBalancer ifDescr, LoadBalancer ifDescr,,
mysql_table_locks_immediate, mysql table locks immediate, mysql table locks immediate,,
proc_meminfo_swapfree, proc meminfo swapfree, proc meminfo swapfree,,
proc_vmstat_pgmajfault, proc vmstat pgmajfault, proc vmstat pgmajfault,,
proc_net_compressed, proc net compressed, proc net compressed,,
proc_meminfo_highfree, proc meminfo highfree, proc meminfo highfree,,
net_stat_tcp_abort, net stat tcp abort, net stat tcp abort,,
proc_stat_intr, proc stat intr, proc stat intr,,
proc_stat_cpu_percpu, proc stat cpu percpu, proc stat cpu percpu,,
net_stat_tcp_failed_accept, net stat tcp failed accept, net stat tcp failed accept,,
net_stat_tcp_memory_prune, net stat tcp memory prune, net stat tcp memory prune,,
net_stat_tcp_congestion_recovery, net stat tcp congestion recovery, net stat tcp congestion recovery,,
proc_interrupts, proc interrupts, proc interrupts,,
proc_meminfo_nfs_unstable, proc meminfo nfs unstable, proc meminfo nfs unstable,,
proc_loadavg_5min, proc loadavg 5min, proc loadavg 5min,,
proc_loadavg_total_threads, proc loadavg total threads, proc loadavg total threads,,
proc_kernel_entropy_avail, proc kernel entropy avail, proc kernel entropy avail,,
proc_meminfo_vmalloctotal, proc meminfo vmalloctotal, proc meminfo vmalloctotal,,
proc_stat_ctxt, proc stat ctxt, proc stat ctxt,,
net_sockstat_sockets_inuse, net sockstat sockets inuse, net sockstat sockets inuse,,
net_sockstat_num_timewait, net sockstat num timewait, net sockstat num timewait,,
net_stat_tcp_reording, net stat tcp reording, net stat tcp reording,,
proc_meminfo_vmallocchunk, proc meminfo vmallocchunk, proc meminfo vmallocchunk,,
net_sockstat_ipfragqueues, net sockstat ipfragqueues, net sockstat ipfragqueues,,
proc_net_carrier_errs, proc net carrier errs, proc net carrier errs,,
proc_vmstat_pgpgout, proc vmstat pgpgout, proc vmstat pgpgout,,
proc_stat_processes, proc stat processes, proc stat processes,,
proc_net_frame_errs, proc net frame errs, proc net frame errs,,
proc_meminfo_swaptotal, proc meminfo swaptotal, proc meminfo swaptotal,,
proc_meminfo_hugepagesize, proc meminfo hugepagesize, proc meminfo hugepagesize,,
proc_uptime_total, proc uptime total, proc uptime total,,
proc_stat_procs_blocked, proc stat procs blocked, proc stat procs blocked,,
proc_meminfo_writeback, proc meminfo writeback, proc meminfo writeback,,
proc_meminfo_swapcached, proc meminfo swapcached, proc meminfo swapcached,,
proc_meminfo_active, proc meminfo active, proc meminfo active,,
net_stat_udp_datagrams, net stat udp datagrams, net stat udp datagrams,,
mysql_sort_scan, mysql sort scan, mysql sort scan,,
mysql_com_show_errors, mysql com show errors, mysql com show errors,,
mysql_com_show_fields, mysql com show fields, mysql com show fields,,
mysql_com_show_grants, mysql com show grants, mysql com show grants,,
mysql_com_show_keys, mysql com show keys, mysql com show keys,,
mysql_com_show_master_status, mysql com show master status, mysql com show master status,,
mysql_com_show_open_tables, mysql com show open tables, mysql com show open tables,,
mysql_com_show_privileges, mysql com show privileges, mysql com show privileges,,
mysql_com_show_processlist, mysql com show processlist, mysql com show processlist,,
mysql_com_show_slave_hosts, mysql com show slave hosts, mysql com show slave hosts,,
mysql_com_show_slave_status, mysql com show slave status, mysql com show slave status,,
mysql_com_show_status, mysql com show status, mysql com show status,,
mysql_com_show_storage_engines, mysql com show storage engines, mysql com show storage engines,,
mysql_com_show_tables, mysql com show tables, mysql com show tables,,
mysql_com_show_triggers, mysql com show triggers, mysql com show triggers,,
mysql_com_show_variables, mysql com show variables, mysql com show variables,,
mysql_com_show_warnings, mysql com show warnings, mysql com show warnings,,
mysql_com_slave_start, mysql com slave start, mysql com slave start,,
mysql_com_slave_stop, mysql com slave stop, mysql com slave stop,,
mysql_com_stmt_close, mysql com stmt close, mysql com stmt close,,
mysql_com_stmt_execute, mysql com stmt execute, mysql com stmt execute,,
mysql_com_stmt_fetch, mysql com stmt fetch, mysql com stmt fetch,,
mysql_com_stmt_prepare, mysql com stmt prepare, mysql com stmt prepare,,
mysql_com_stmt_reset, mysql com stmt reset, mysql com stmt reset,,
mysql_com_stmt_send_long_data, mysql com stmt send long data, mysql com stmt send long data,,
mysql_com_truncate, mysql com truncate, mysql com truncate,,
mysql_com_unlock_tables, mysql com unlock tables, mysql com unlock tables,,
mysql_com_update, mysql com update, mysql com update,,
mysql_com_update_multi, mysql com update multi, mysql com update multi,,
mysql_com_xa_commit, mysql com xa commit, mysql com xa commit,,
mysql_com_xa_end, mysql com xa end, mysql com xa end,,
mysql_com_xa_prepare, mysql com xa prepare, mysql com xa prepare,,
mysql_com_xa_recover, mysql com xa recover, mysql com xa recover,,
mysql_com_xa_rollback, mysql com xa rollback, mysql com xa rollback,,
mysql_com_xa_start, mysql com xa start, mysql com xa start,,
mysql_connections_cached, mysql connections cached, mysql connections cached,,
mysql_connections_connected, mysql connections connected, mysql connections connected,,
mysql_connections_running, mysql connections running, mysql connections running,,
mysql_created_tmp_disk_tables, mysql created tmp disk tables, mysql created tmp disk tables,,
mysql_created_tmp_tables, mysql created tmp tables, mysql created tmp tables,,
mysql_innodb_bp_pages_created, mysql innodb bp pages created, mysql innodb bp pages created,,
mysql_innodb_bp_pages_read, mysql innodb bp pages read, mysql innodb bp pages read,,
mysql_innodb_bp_pages_written, mysql innodb bp pages written, mysql innodb bp pages written,,
mysql_innodb_buffer_pool_pages_clean, mysql innodb buffer pool pages clean, mysql innodb buffer pool pages clean,,
mysql_innodb_buffer_pool_pages_dirty, mysql innodb buffer pool pages dirty, mysql innodb buffer pool pages dirty,,
mysql_innodb_buffer_pool_pages_flushed, mysql innodb buffer pool pages flushed, mysql innodb buffer pool pages flushed,,
mysql_innodb_buffer_pool_pages_free, mysql innodb buffer pool pages free, mysql innodb buffer pool pages free,,
mysql_innodb_buffer_pool_pages_misc, mysql innodb buffer pool pages misc, mysql innodb buffer pool pages misc,,
mysql_innodb_buffer_pool_pages_unassigned, mysql innodb buffer pool pages unassigned, mysql innodb buffer pool pages unassigned,,
mysql_innodb_buffer_pool_read_ahead_rnd, mysql innodb buffer pool read ahead rnd, mysql innodb buffer pool read ahead rnd,,
mysql_innodb_buffer_pool_read_requests, mysql innodb buffer pool read requests, mysql innodb buffer pool read requests,,
mysql_innodb_buffer_pool_reads, mysql innodb buffer pool reads, mysql innodb buffer pool reads,,
mysql_innodb_buffer_pool_wait_free, mysql innodb buffer pool wait free, mysql innodb buffer pool wait free,,
mysql_innodb_buffer_pool_write_requests, mysql innodb buffer pool write requests, mysql innodb buffer pool write requests,,
mysql_innodb_data_fsyncs, mysql innodb data fsyncs, mysql innodb data fsyncs,,
mysql_innodb_data_pending_fsyncs, mysql innodb data pending fsyncs, mysql innodb data pending fsyncs,,
mysql_innodb_data_read, mysql innodb data read, mysql innodb data read,,
mysql_innodb_data_reads, mysql innodb data reads, mysql innodb data reads,,
mysql_innodb_data_writes, mysql innodb data writes, mysql innodb data writes,,
mysql_innodb_data_written, mysql innodb data written, mysql innodb data written,,
mysql_innodb_fsyncs_data, mysql innodb fsyncs data, mysql innodb fsyncs data,,
mysql_innodb_fsyncs_os_log, mysql innodb fsyncs os log, mysql innodb fsyncs os log,,
mysql_innodb_os_log_fsyncs, mysql innodb os log fsyncs, mysql innodb os log fsyncs,,
mysql_innodb_os_log_written, mysql innodb os log written, mysql innodb os log written,,
mysql_innodb_page_size, mysql innodb page size, mysql innodb page size,,
mysql_innodb_pages_created, mysql innodb pages created, mysql innodb pages created,,
mysql_innodb_pages_read, mysql innodb pages read, mysql innodb pages read,,
mysql_innodb_pages_written, mysql innodb pages written, mysql innodb pages written,,
mysql_innodb_rows_deleted, mysql innodb rows deleted, mysql innodb rows deleted,,
mysql_innodb_rows_inserted, mysql innodb rows inserted, mysql innodb rows inserted,,
mysql_innodb_rows_read, mysql innodb rows read, mysql innodb rows read,,
mysql_innodb_rows_updated, mysql innodb rows updated, mysql innodb rows updated,,
mysql_master_log_lag_bytes, mysql master log lag bytes, mysql master log lag bytes,,
mysql_max_used_connections, mysql max used connections, mysql max used connections,,
mysql_open_files, mysql open files, mysql open files,,
mysql_open_streams, mysql open streams, mysql open streams,,
mysql_open_tables, mysql open tables, mysql open tables,,
mysql_opened_tables, mysql opened tables, mysql opened tables,,
mysql_pct_connection_utilization, mysql pct connection utilization, mysql pct connection utilization,,
mysql_pct_innodb_buffer_pool_hit_ratio, mysql pct innodb buffer pool hit ratio, mysql pct innodb buffer pool hit ratio,,
mysql_pct_query_cache_hit_utilization, mysql pct query cache hit utilization, mysql pct query cache hit utilization,,
mysql_pct_query_cache_memory_in_use, mysql pct query cache memory in use, mysql pct query cache memory in use,,
mysql_pct_tmp_tables_written_to_disk, mysql pct tmp tables written to disk, mysql pct tmp tables written to disk,,
mysql_qcache_free_blocks, mysql qcache free blocks, mysql qcache free blocks,,
mysql_qcache_free_memory, mysql qcache free memory, mysql qcache free memory,,
mysql_qcache_hits, mysql qcache hits, mysql qcache hits,,
mysql_qcache_inserts, mysql qcache inserts, mysql qcache inserts,,
mysql_qcache_lowmem_prunes, mysql qcache lowmem prunes, mysql qcache lowmem prunes,,
mysql_qcache_not_cached, mysql qcache not cached, mysql qcache not cached,,
mysql_qcache_queries_in_cache, mysql qcache queries in cache, mysql qcache queries in cache,,
mysql_qcache_total_blocks, mysql qcache total blocks, mysql qcache total blocks,,
mysql_query_cache_hits, mysql query cache hits, mysql query cache hits,,
mysql_query_cache_misses, mysql query cache misses, mysql query cache misses,,
mysql_query_cache_not_cached, mysql query cache not cached, mysql query cache not cached,,
mysql_replication_lag, mysql replication lag, mysql replication lag,,
mysql_replication_status, mysql replication status, mysql replication status,,
mysql_select_full_join, mysql select full join, mysql select full join,,
mysql_select_full_range_join, mysql select full range join, mysql select full range join,,
mysql_select_range, mysql select range, mysql select range,,
mysql_select_range_check, mysql select range check, mysql select range check,,
mysql_select_scan, mysql select scan, mysql select scan,,
mysql_slave_relay_log_bytes, mysql slave relay log bytes, mysql slave relay log bytes,,
mysql_slow_queries, mysql slow queries, mysql slow queries,,
mysql_sort_range, mysql sort range, mysql sort range,,
mongo_asserts, mongo asserts, mongo asserts,,
mongo_backgroundFlushing_flushes, mongo backgroundFlushing flushes, mongo backgroundFlushing flushes,,
mongo_backgroundFlushing_total_ms, mongo backgroundFlushing total ms, mongo backgroundFlushing total ms,,
mongo_connections_available, mongo connections available, mongo connections available,,
mongo_connections_current, mongo connections current, mongo connections current,,
mongo_cursors_timedOut, mongo cursors timedOut, mongo cursors timedOut,,
mongo_cursors_totalOpen, mongo cursors totalOpen, mongo cursors totalOpen,,
mongo_dur_commits, mongo dur commits, mongo dur commits,,
mongo_dur_commitsInWriteLock, mongo dur commitsInWriteLock, mongo dur commitsInWriteLock,,
mongo_dur_compression, mongo dur compression, mongo dur compression,,
mongo_dur_earlyCommits, mongo dur earlyCommits, mongo dur earlyCommits,,
mongo_dur_journaledMB, mongo dur journaledMB, mongo dur journaledMB,,
mongo_dur_writeToDataFilesMB, mongo dur writeToDataFilesMB, mongo dur writeToDataFilesMB,,
mongo_extra_info_heap_usage_bytes, mongo extra info heap usage bytes, mongo extra info heap usage bytes,,
mongo_extra_info_page_faults, mongo extra info page faults, mongo extra info page faults,,
mongo_globalLock_activeClients_readers, mongo globalLock activeClients readers, mongo globalLock activeClients readers,,
mongo_globalLock_activeClients_writers, mongo globalLock activeClients writers, mongo globalLock activeClients writers,,
mongo_globalLock_currentQueue_readers, mongo globalLock currentQueue readers, mongo globalLock currentQueue readers,,
mongo_globalLock_currentQueue_writers, mongo globalLock currentQueue writers, mongo globalLock currentQueue writers,,
mongo_globalLock_lockTime, mongo globalLock lockTime, mongo globalLock lockTime,,
mongo_globalLock_totalTime, mongo globalLock totalTime, mongo globalLock totalTime,,
mongo_mem_mapped, mongo mem mapped, mongo mem mapped,,
mongo_mem_resident, mongo mem resident, mongo mem resident,,
mongo_mem_virtual, mongo mem virtual, mongo mem virtual,,
mongo_network_bytesIn, mongo network bytesIn, mongo network bytesIn,,
mongo_network_bytesOut, mongo network bytesOut, mongo network bytesOut,,
mongo_network_numRequests, mongo network numRequests, mongo network numRequests,,
mongo_opcounters, mongo opcounters, mongo opcounters,,
mysql_aborted_clients, mysql aborted clients, mysql aborted clients,,
mysql_aborted_connects, mysql aborted connects, mysql aborted connects,,
mysql_bytes_received, mysql bytes received, mysql bytes received,,
mysql_bytes_sent, mysql bytes sent, mysql bytes sent,,
mysql_com_admin_commands, mysql com admin commands, mysql com admin commands,,
mysql_com_alter_db, mysql com alter db, mysql com alter db,,
mysql_com_alter_table, mysql com alter table, mysql com alter table,,
mysql_com_analyze, mysql com analyze, mysql com analyze,,
mysql_com_begin, mysql com begin, mysql com begin,,
mysql_com_call_procedure, mysql com call procedure, mysql com call procedure,,
mysql_com_change_db, mysql com change db, mysql com change db,,
mysql_com_change_master, mysql com change master, mysql com change master,,
mysql_com_check, mysql com check, mysql com check,,
mysql_com_checksum, mysql com checksum, mysql com checksum,,
mysql_com_commit, mysql com commit, mysql com commit,,
mysql_com_create_db, mysql com create db, mysql com create db,,
mysql_com_create_function, mysql com create function, mysql com create function,,
mysql_com_create_index, mysql com create index, mysql com create index,,
mysql_com_create_table, mysql com create table, mysql com create table,,
mysql_com_create_user, mysql com create user, mysql com create user,,
mysql_com_dealloc_sql, mysql com dealloc sql, mysql com dealloc sql,,
mysql_com_delete, mysql com delete, mysql com delete,,
mysql_com_delete_multi, mysql com delete multi, mysql com delete multi,,
mysql_com_do, mysql com do, mysql com do,,
mysql_com_drop_db, mysql com drop db, mysql com drop db,,
mysql_com_drop_function, mysql com drop function, mysql com drop function,,
mysql_com_drop_index, mysql com drop index, mysql com drop index,,
mysql_com_drop_table, mysql com drop table, mysql com drop table,,
mysql_com_drop_user, mysql com drop user, mysql com drop user,,
mysql_com_execute_sql, mysql com execute sql, mysql com execute sql,,
mysql_com_flush, mysql com flush, mysql com flush,,
mysql_com_grant, mysql com grant, mysql com grant,,
mysql_com_ha_close, mysql com ha close, mysql com ha close,,
mysql_com_ha_open, mysql com ha open, mysql com ha open,,
mysql_com_ha_read, mysql com ha read, mysql com ha read,,
mysql_com_help, mysql com help, mysql com help,,
mysql_com_insert, mysql com insert, mysql com insert,,
mysql_com_insert_select, mysql com insert select, mysql com insert select,,
mysql_com_kill, mysql com kill, mysql com kill,,
mysql_com_load, mysql com load, mysql com load,,
mysql_com_lock_tables, mysql com lock tables, mysql com lock tables,,
mysql_com_optimize, mysql com optimize, mysql com optimize,,
mysql_com_preload_keys, mysql com preload keys, mysql com preload keys,,
mysql_com_prepare_sql, mysql com prepare sql, mysql com prepare sql,,
mysql_com_purge, mysql com purge, mysql com purge,,
mysql_com_purge_before_date, mysql com purge before date, mysql com purge before date,,
mysql_com_rename_table, mysql com rename table, mysql com rename table,,
mysql_com_repair, mysql com repair, mysql com repair,,
mysql_com_replace, mysql com replace, mysql com replace,,
mysql_com_replace_select, mysql com replace select, mysql com replace select,,
mysql_com_reset, mysql com reset, mysql com reset,,
mysql_com_revoke, mysql com revoke, mysql com revoke,,
mysql_com_revoke_all, mysql com revoke all, mysql com revoke all,,
mysql_com_rollback, mysql com rollback, mysql com rollback,,
mysql_com_savepoint, mysql com savepoint, mysql com savepoint,,
mysql_com_select, mysql com select, mysql com select,,
mysql_com_set_option, mysql com set option, mysql com set option,,
mysql_com_show_binlog_events, mysql com show binlog events, mysql com show binlog events,,
mysql_com_show_binlogs, mysql com show binlogs, mysql com show binlogs,,
mysql_com_show_charsets, mysql com show charsets, mysql com show charsets,,
mysql_com_show_collations, mysql com show collations, mysql com show collations,,
mysql_com_show_create_db, mysql com show create db, mysql com show create db,,
mysql_com_show_create_table, mysql com show create table, mysql com show create table,,
mysql_com_show_databases, mysql com show databases, mysql com show databases,,
iostat_part_write_sectors, iostat part write sectors, iostat part write sectors,,
mongo_backgroundFlushing_average_ms, mongo backgroundFlushing average ms, mongo backgroundFlushing average ms,,
iostat_disk_write_sectors, iostat disk write sectors, iostat disk write sectors,,
iostat_disk_msec_read, iostat disk msec read, iostat disk msec read,,
iostat_disk_write_merged, iostat disk write merged, iostat disk write merged,,
apache_Activity_Type_Reading_Request, Tomcat Activity Type Reading Request, Tomcat Activity Type Reading Request,,
apache_Activity_Type_Logging, Tomcat Activity Type Logging, Tomcat Activity Type Logging,,
iostat_part_msec_write, iostat part msec write, iostat part msec write,,
apache_Activity_Type_Keep_Alive, Tomcat Activity Type Keep Alive, Tomcat Activity Type Keep Alive,,
apache_Activity_Type_Gracefully_Finishing, Tomcat Activity Type Gracefully Finishing, Tomcat Activity Type Gracefully Finishing,,
iostat_part_read_merged, iostat part read merged, iostat part read merged,,
apache_Activity_Type_DNS_Lookup, Tomcat Activity Type DNS Lookup, Tomcat Activity Type DNS Lookup,,
apache_Activity_Type_Closing_Connection, Tomcat Activity Type Closing Connection, Tomcat Activity Type Closing Connection,,
apache_Activity_Type_Cleaning_Up, Tomcat Activity Type Cleaning Up, Tomcat Activity Type Cleaning Up,,
apache_Activity_Total_Traffic, Tomcat Activity Total Traffic, Tomcat Activity Total Traffic,,
apache_Activity_Total_Accesses, Tomcat Activity Total Accesses, Tomcat Activity Total Accesses,,
apache_Activity_Requests_per_min, Tomcat Activity Requests per min, Tomcat Activity Requests per min,,
apache_Activity_Bytes_per_req, Tomcat Activity Bytes per req, Tomcat Activity Bytes per req,,
iostat_part_msec_read, iostat part msec read, iostat part msec read,,
iostat_part_read_requests, iostat part read requests, iostat part read requests,,
iostat_disk_write_requests, iostat disk write requests, iostat disk write requests,,
iostat_part_read_sectors, iostat part read sectors, iostat part read sectors,,
iostat_part_msec_total, iostat part msec total, iostat part msec total,,
iostat_disk_msec_total, iostat disk msec total, iostat disk msec total,,
haproxy_wretr, haproxy wretr, haproxy wretr,,
haproxy_wredis, haproxy wredis, haproxy wredis,,
haproxy_weight, haproxy weight, haproxy weight,,
haproxy_type, haproxy type, haproxy type,,
iostat_part_write_requests, iostat part write requests, iostat part write requests,,
iostat_part_ios_in_progress, iostat part ios in progress, iostat part ios in progress,,
haproxy_tracked, haproxy tracked, haproxy tracked,,
iostat_disk_read_merged, iostat disk read merged, iostat disk read merged,,
haproxy_throttle, haproxy throttle, haproxy throttle,,
haproxy_stot, haproxy stot, haproxy stot,,
haproxy_smax, haproxy smax, haproxy smax,,
haproxy_slim, haproxy slim, haproxy slim,,
haproxy_sid, haproxy sid, haproxy sid,,
iostat_part_write_merged, iostat part write merged, iostat part write merged,,
haproxy_scur, haproxy scur, haproxy scur,,
haproxy_roundtrip, haproxy roundtrip, haproxy roundtrip,,
haproxy_rate_max, haproxy rate max, haproxy rate max,,
haproxy_rate_lim, haproxy rate lim, haproxy rate lim,,
haproxy_rate, haproxy rate, haproxy rate,,
iostat_disk_read_sectors, iostat disk read sectors, iostat disk read sectors,,
haproxy_queuelength, haproxy queuelength, haproxy queuelength,,
haproxy_qmax, haproxy qmax, haproxy qmax,,
haproxy_qlimit, haproxy qlimit, haproxy qlimit,,
haproxy_qcur, haproxy qcur, haproxy qcur,,
haproxy_pid, haproxy pid, haproxy pid,,
haproxy_lbtot, haproxy lbtot, haproxy lbtot,,
haproxy_lastchg, haproxy lastchg, haproxy lastchg,,
haproxy_iid, haproxy iid, haproxy iid,,
haproxy_eresp, haproxy eresp, haproxy eresp,,
haproxy_ereq, haproxy ereq, haproxy ereq,,
haproxy_econ, haproxy econ, haproxy econ,,
haproxy_dresp, haproxy dresp, haproxy dresp,,
iostat_disk_msec_weighted_total, iostat disk msec weighted total, iostat disk msec weighted total,,
haproxy_dreq, haproxy dreq, haproxy dreq,,
haproxy_downtime, haproxy downtime, haproxy downtime,,
haproxy_chkfail, haproxy chkfail, haproxy chkfail,,
haproxy_chkdown, haproxy chkdown, haproxy chkdown,,
haproxy_bout, haproxy bout, haproxy bout,,
haproxy_bin, haproxy bin, haproxy bin,,
iostat_disk_read_requests, iostat disk read requests, iostat disk read requests,,
haproxy_bck, haproxy bck, haproxy bck,,
haproxy_act, haproxy act, haproxy act,,
apache_Resource_Utilization_Processes_Idle_Workers, Tomcat Resource Utilization Processes Idle Workers, Tomcat Resource Utilization Processes Idle Workers,,
iostat_part_msec_weighted_total, iostat part msec weighted total, iostat part msec weighted total,,
iostat_disk_ios_in_progress, iostat disk ios in progress, iostat disk ios in progress,,
apache_Resource_Utilization_Processes_Busy_Workers, Tomcat Resource Utilization Processes Busy Workers, Tomcat Resource Utilization Processes Busy Workers,,
apache_Resource_Utilization_CPU_Load, Tomcat Resource Utilization CPU Load, Tomcat Resource Utilization CPU Load,,
apache_Availability_up, Tomcat Availability up, Tomcat Availability up,,
apache_Availability_Server_Uptime_sec, Tomcat Availability Server Uptime sec, Tomcat Availability Server Uptime sec,,
apache_Activity_Type_Starting_Up, Tomcat Activity Type Starting Up, Tomcat Activity Type Starting Up,,
apache_Activity_Type_Sending_Reply, Tomcat Activity Type Sending Reply, Tomcat Activity Type Sending Reply,,
iostat_disk_msec_write, iostat disk msec write, iostat disk msec write,,
Vsphere_Memory_Usage, Vsphere Memory Usage, Vsphere Memory Usage,,
Virtual_Disk_write, Virtual Disk write, Virtual Disk write,,
CPU_Ready, CPU Ready, CPU Ready,,
CPU_Usage_Mhz, CPU Usage Mhz, CPU Usage Mhz,,
Vsphere_CPU_Usage, Vsphere CPU Usage, Vsphere CPU Usage,,
apache_Activity_Bytes_per_min, Tomcat Activity Bytes per min, Tomcat Activity Bytes per min,,
Vsphere_CPU_Usage_Mhz, Vsphere CPU Usage Mhz, Vsphere CPU Usage Mhz,,
Vsphere_Virtual_Disk_write, Vsphere Virtual Disk write, Vsphere Virtual Disk write,,
Vsphere_Virtual_Disk_Read, Vsphere Virtual Disk Read, Vsphere Virtual Disk Read,,
Network_Usage, Network Usage, Network Usage,,
Vsphere_CPU_Ready, Vsphere CPU Ready, Vsphere CPU Ready,,
Virtual_Disk_Read, Virtual Disk Read, Virtual Disk Read,,
Memory_Usage, Memory Usage, Memory Usage,,
Vsphere_Network_Usage, Vsphere Network Usage, Vsphere Network Usage,,
CPU_Usage, CPU Usage, CPU Usage,,
Vsphere_CPU_Used, Vsphere CPU Used, Vsphere CPU Used,,
CPU_Used, CPU Used, CPU Used,,
